,0,1,predicted
0,0.9478862047872271,0.052113795212772845,0
1,0.6698427817757999,0.33015721822419974,0
2,0.6871419879448918,0.312858012055108,0
3,0.6636400432773432,0.336359956722657,0
4,0.5533836100206118,0.446616389979388,0
5,0.9843478160531696,0.01565218394683036,0
6,0.8581912344471241,0.14180876555287547,0
7,0.96958712076454,0.030412879235459888,0
8,0.9995652173913043,0.00043478260869565214,0
9,0.17807276233973976,0.8219272376602601,1
10,0.7574469315892688,0.24255306841073085,0
11,0.8835049608890982,0.1164950391109015,0
12,0.8532270391278618,0.14677296087213823,0
13,0.9873269107821524,0.01267308921784763,0
14,0.4409657034457972,0.5590342965542028,1
15,0.7454672872875018,0.25453271271249783,0
16,0.8833112559999763,0.11668874400002367,0
17,0.5064874743686774,0.4935125256313226,0
18,0.8439779089253275,0.15602209107467213,0
19,0.7245314607955273,0.27546853920447273,0
20,0.6898933343916623,0.3101066656083381,0
21,0.8334055771899728,0.16659442281002737,0
22,0.9947145112974759,0.005285488702523991,0
23,0.9492139758144531,0.05078602418554698,0
24,0.22453045057285412,0.7754695494271457,1
25,0.43862992041537496,0.561370079584625,1
26,0.7955194950315126,0.20448050496848727,0
27,0.8737988340239408,0.1262011659760592,0
28,0.9350152490570942,0.06498475094290544,0
29,0.18654853740886357,0.8134514625911364,1
30,0.9382019904203064,0.0617980095796935,0
31,0.8362480522074424,0.163751947792557,0
32,0.5868104880287187,0.4131895119712812,0
33,0.28751589289993384,0.7124841071000664,1
34,0.8401095187492246,0.15989048125077535,0
35,0.27164111288766274,0.7283588871123371,1
36,0.4757151533637965,0.5242848466362034,1
37,0.8688939243704668,0.13110607562953308,0
38,0.99840108401084,0.0015989159891598914,0
39,0.7871004678716739,0.212899532128326,0
40,0.9699326411861474,0.030067358813852505,0
41,0.5057481535444278,0.4942518464555723,0
42,0.3003354720119504,0.6996645279880493,1
43,0.9973160854733026,0.0026839145266973376,0
44,0.9031038707028662,0.09689612929713359,0
45,0.9817185873854329,0.018281412614567123,0
46,0.9762895042501544,0.02371049574984555,0
47,0.8844383133012425,0.11556168669875762,0
48,0.31013725247757906,0.6898627475224205,1
49,0.6279556870439896,0.3720443129560106,0
50,0.7825545929910516,0.21744540700894852,0
51,0.9584954171082465,0.041504582891753274,0
52,0.6816236290880936,0.3183763709119063,0
53,0.8882689109295869,0.11173108907041268,0
54,0.8792317009522388,0.12076829904776126,0
55,0.7874224056140807,0.21257759438591897,0
56,0.9496883029738292,0.05031169702617069,0
57,0.8056702990819542,0.19432970091804555,0
58,0.7702213345404503,0.2297786654595496,0
59,0.3562923697442008,0.6437076302557991,1
60,0.6311412683375897,0.3688587316624101,0
61,0.9770857159975216,0.02291428400247816,0
62,0.43084453542709183,0.5691554645729081,1
63,0.9713077745978943,0.028692225402105812,0
64,0.7273226881791166,0.2726773118208829,0
65,0.615648683036794,0.3843513169632061,0
66,0.6138257262849574,0.3861742737150424,0
67,0.9857573282573283,0.01424267174267174,0
68,0.9974304461942257,0.0025695538057742785,0
69,0.4402815109406612,0.5597184890593389,1
70,0.3338022028369796,0.6661977971630202,1
71,0.364332438666839,0.6356675613331607,1
72,0.8329854170302471,0.16701458296975275,0
73,0.9666225820962663,0.03337741790373369,0
74,0.8471307186040847,0.15286928139591527,0
75,0.6898190147184377,0.3101809852815621,0
76,0.20653155022297892,0.7934684497770209,1
77,0.8181214928221702,0.18187850717782947,0
78,0.45414586955660935,0.5458541304433906,1
79,0.9158743778085541,0.08412562219144563,0
80,0.8058950536662586,0.19410494633374126,0
81,0.4673586689939653,0.5326413310060348,1
82,0.9442757516071246,0.05572424839287522,0
83,0.9619935698055447,0.0380064301944554,0
84,0.9305083379159244,0.06949166208407559,0
85,0.7873048174794404,0.21269518252055908,0
86,0.968417002484883,0.03158299751511688,0
87,0.631194122469799,0.36880587753020094,0
88,0.9195179550131596,0.08048204498684038,0
89,0.986273573699278,0.013726426300722015,0
90,0.3229886683694967,0.6770113316305033,1
91,0.3471349079148508,0.652865092085149,1
92,0.44804005806176084,0.5519599419382392,1
93,0.9880986230466131,0.011901376953386897,0
94,0.8141434502778752,0.18585654972212445,0
95,0.7513377878172721,0.24866221218272755,0
96,0.898899487802136,0.10110051219786385,0
97,0.7107170544374141,0.28928294556258616,0
98,0.17978275736882526,0.8202172426311749,1
99,0.7376255350860019,0.26237446491399796,0
100,0.7035050392119324,0.2964949607880676,0
101,0.5956566880156745,0.4043433119843252,0
102,0.7320219419424024,0.26797805805759733,0
103,0.5261371546770407,0.4738628453229593,0
104,0.986137730623723,0.013862269376276876,0
105,0.8856933512545818,0.11430664874541809,0
106,0.6232822883337524,0.37671771166624735,0
107,0.3597794207786423,0.6402205792213579,1
108,0.7474910512364589,0.2525089487635411,0
109,0.9698426268424457,0.030157373157553985,0
110,0.9974919931017492,0.0025080068982508007,0
111,0.9927098093163668,0.007290190683633307,0
112,0.5542425652168903,0.44575743478310953,0
113,0.2713012160059151,0.7286987839940842,1
114,0.9864861596064963,0.013513840393503491,0
115,0.958565627703492,0.041434372296507815,0
116,0.7587098241815853,0.24129017581841425,0
117,0.8308500984796354,0.1691499015203643,0
118,0.5302909157668634,0.4697090842331367,0
119,0.7353031412876035,0.26469685871239623,0
120,0.8744297959541096,0.12557020404589056,0
121,0.4099547344818299,0.59004526551817,1
122,0.8338767333894244,0.16612326661057503,0
123,0.9336485807409961,0.06635141925900392,0
124,0.9378520103575453,0.06214798964245433,0
125,0.9926190476190477,0.00738095238095238,0
126,0.9220181641733259,0.07798183582667396,0
127,0.9850747019668489,0.014925298033151036,0
128,0.9403691332264502,0.05963086677354948,0
129,0.7638076898812193,0.23619231011878067,0
130,0.1715789534440296,0.8284210465559706,1
131,0.3683548094996633,0.6316451905003365,1
132,0.8966976238994846,0.10330237610051514,0
133,0.9710643934918127,0.028935606508187158,0
134,0.8571111238401508,0.14288887615984888,0
135,0.22972226805806428,0.7702777319419356,1
136,0.42842273545300424,0.5715772645469956,1
137,0.6875693162509274,0.3124306837490722,0
138,0.9676490754815893,0.032350924518410415,0
139,0.9910781157932752,0.008921884206724828,0
140,0.6931603762700987,0.3068396237299011,0
141,0.5450139782753208,0.4549860217246791,0
142,0.5117330122522993,0.48826698774770066,0
143,0.9888148330857307,0.011185166914269079,0
144,0.22413308239237675,0.7758669176076232,1
145,0.38691215372225074,0.6130878462777491,1
146,0.9177445258448952,0.08225547415510465,0
147,0.4185207781467083,0.5814792218532917,1
148,0.9976872741864367,0.0023127258135632466,0
149,0.9898722943722943,0.010127705627705628,0
150,0.3351326483252937,0.6648673516747066,1
151,0.9948070175438596,0.005192982456140352,0
152,0.9466267580458756,0.0533732419541243,0
153,0.8248718122482527,0.17512818775174693,0
154,0.8938175214789126,0.10618247852108745,0
155,0.7195944968085258,0.2804055031914738,0
156,0.9805899256037052,0.01941007439629487,0
157,0.8010672083380291,0.19893279166197061,0
158,0.9849723224994122,0.015027677500587717,0
159,0.9702300966506131,0.029769903349386645,0
160,0.5614750678068559,0.4385249321931441,0
161,0.8540483643893084,0.14595163561069133,0
162,0.6159701222318925,0.38402987776810726,0
163,0.9874404761904763,0.012559523809523809,0
164,0.9860867773918639,0.01391322260813582,0
165,0.8341970349918997,0.1658029650081003,0
166,0.9182434149098233,0.08175658509017641,0
167,0.7366323206438322,0.2633676793561675,0
168,0.9856944444444444,0.014305555555555556,0
169,0.9950146650653248,0.004985334934675122,0
170,0.483533202088445,0.516466797911555,1
171,0.3560624242673391,0.6439375757326607,1
172,0.35002819233101445,0.6499718076689855,1
173,0.5837099546198339,0.4162900453801662,0
174,0.9718619385681513,0.0281380614318486,0
175,0.45359175377997457,0.5464082462200255,1
176,0.6124010246171694,0.3875989753828307,0
177,0.5820539408107805,0.4179460591892194,0
178,0.46990128401239956,0.5300987159876004,1
179,0.9116230902192121,0.08837690978078776,0
180,0.7192756380144496,0.28072436198555006,0
181,0.8615540730928053,0.13844592690719448,0
182,0.5876127287342254,0.41238727126577446,0
183,0.11976827588968339,0.8802317241103167,1
184,0.4333261943851046,0.5666738056148954,1
185,0.8094891172205747,0.19051088277942488,0
186,0.6014619453631299,0.39853805463687,0
187,0.2981585196415942,0.7018414803584058,1
188,0.1613245163716338,0.8386754836283662,1
189,0.8984363737641528,0.10156362623584686,0
190,0.8404344552130073,0.15956554478699242,0
191,0.5145892235474347,0.4854107764525652,0
192,0.7821510118481433,0.21784898815185655,0
193,0.44927173459990627,0.5507282654000938,1
194,0.6792448124926164,0.3207551875073835,0
195,0.3886528856433585,0.6113471143566417,1
196,0.8241647354332362,0.17583526456676357,0
197,0.4690214825391999,0.5309785174608,1
198,0.6639781208315131,0.3360218791684874,0
199,0.3598806253884553,0.6401193746115448,1
200,0.5965583483952891,0.4034416516047111,0
201,0.7701832766230783,0.22981672337692177,0
202,0.7357268458338235,0.26427315416617586,0
203,0.4972190033033603,0.5027809966966397,1
204,0.964166259215619,0.03583374078438091,0
205,0.4737151930536474,0.5262848069463526,1
206,0.9763016335601599,0.023698366439840135,0
207,0.618290546223158,0.3817094537768418,0
208,0.8726488420140228,0.1273511579859767,0
209,0.6001596879066807,0.39984031209331944,0
210,0.9330583858034192,0.06694161419658068,0
211,0.3434136077003951,0.6565863922996046,1
212,0.771082919531449,0.22891708046855105,0
213,0.8539825666836536,0.1460174333163459,0
214,0.7956613516420838,0.20433864835791574,0
215,0.6534992505830673,0.3465007494169326,0
216,0.4885809257296494,0.5114190742703506,1
217,0.4778600042406246,0.5221399957593755,1
218,0.9670224154930035,0.03297758450699626,0
219,0.8546546293291819,0.1453453706708182,0
220,0.9609350933625126,0.03906490663748729,0
221,0.7063909328553915,0.2936090671446082,0
222,0.9888091055769628,0.01119089442303728,0
223,0.7768245973804849,0.22317540261951496,0
224,0.9581320323470522,0.041867967652947716,0
225,0.5503068565732865,0.44969314342671346,0
226,0.9270811430392907,0.07291885696070916,0
227,0.9834369665422296,0.0165630334577703,0
228,0.8634606912282521,0.13653930877174794,0
229,0.9951695906432748,0.004830409356725146,0
230,0.9954166666666666,0.004583333333333333,0
231,0.5422479529241356,0.4577520470758642,0
232,0.9202509410549595,0.07974905894504031,0
233,0.798075618118808,0.20192438188119166,0
234,0.7025953146794985,0.29740468532050124,0
235,0.08222741209289763,0.9177725879071023,1
236,0.8786338244808092,0.12136617551919075,0
237,0.7751986411931284,0.22480135880687116,0
238,0.7761200846787638,0.22387991532123588,0
239,0.9824052056783558,0.017594794321644118,0
240,0.3967890724789154,0.6032109275210845,1
241,0.6780034674795183,0.3219965325204815,0
242,0.7753130815616229,0.22468691843837704,0
243,0.9992098093163668,0.0007901906836333067,0
244,0.8061212792600572,0.19387872073994267,0
245,0.8096211044153637,0.19037889558463586,0
246,0.9726357687697502,0.02736423123024953,0
247,0.9844284543654291,0.015571545634570845,0
248,0.9944175892879262,0.005582410712073807,0
249,0.9118554236433699,0.08814457635662967,0
250,0.7926402642920317,0.20735973570796762,0
251,0.9222621152463575,0.07773788475364252,0
252,0.8219995550734719,0.17800044492652742,0
253,0.5203737486470262,0.47962625135297365,0
254,0.4331050909090095,0.5668949090909905,1
255,0.8896324550790047,0.11036754492099515,0
256,0.9482648667122349,0.051735133287764856,0
257,0.9850376780712046,0.014962321928795621,0
258,0.9386069386439168,0.06139306135608316,0
259,0.5610697829355721,0.4389302170644278,0
260,0.1214855318894191,0.8785144681105804,1
261,0.7498128331624504,0.25018716683754944,0
262,0.9543651390898326,0.04563486091016714,0
263,0.9764078179302637,0.02359218206973625,0
264,0.8213723619445034,0.17862763805549658,0
265,0.4789134320642409,0.5210865679357591,1
266,0.9675431943478071,0.032456805652192694,0
267,0.8676466135525145,0.13235338644748534,0
268,0.8575561802576508,0.14244381974234913,0
269,0.2052569062494195,0.7947430937505799,1
270,0.9960556138863339,0.003944386113666095,0
271,0.9231592353724707,0.07684076462752931,0
272,0.7178188784297916,0.28218112157020814,0
273,0.7924747702974357,0.20752522970256404,0
274,0.9979831932773109,0.0020168067226890756,0
275,0.9610280400601776,0.038971959939822366,0
276,0.15296522198594326,0.8470347780140568,1
277,0.5829717952629528,0.4170282047370472,0
278,0.25472844458684524,0.7452715554131549,1
279,0.2735931033510342,0.7264068966489658,1
280,0.6249493487356089,0.3750506512643913,0
281,0.2798931671776014,0.7201068328223988,1
282,0.9779664502164502,0.022033549783549784,0
283,0.49097730095212716,0.5090226990478729,1
284,0.9775989158970347,0.022401084102965187,0
285,0.8616088657078613,0.13839113429213856,0
286,0.43327290204291047,0.5667270979570895,1
287,0.8696645422955761,0.13033545770442362,0
288,0.3020590401930727,0.6979409598069267,1
289,0.7934870322486169,0.2065129677513828,0
290,0.8050079328482552,0.19499206715174489,0
291,0.9626903407880618,0.03730965921193816,0
292,0.6246182733780103,0.37538172662198976,0
293,0.8261397410084712,0.1738602589915285,0
294,0.9884918833596268,0.011508116640373134,0
295,0.8583253244030439,0.1416746755969561,0
296,0.8496195653416683,0.15038043465833126,0
297,0.5200682903236781,0.47993170967632187,0
298,0.7932074609001922,0.20679253909980738,0
299,0.9568857698547001,0.043114230145299685,0
300,0.7730002147441882,0.2269997852558118,0
301,0.98575,0.014249999999999999,0
302,0.9875400126547228,0.012459987345277137,0
303,0.9372702443885607,0.06272975561143954,0
304,0.9926825396825396,0.007317460317460316,0
305,0.9989036772955228,0.0010963227044772108,0
306,0.5810977575869105,0.4189022424130895,0
307,0.8992736207765165,0.10072637922348342,0
308,0.977700493950494,0.02229950604950605,0
309,0.8070386406571582,0.19296135934284145,0
310,0.5890498320995883,0.4109501679004115,0
311,0.7978255134960278,0.20217448650397205,0
312,0.9662517621267621,0.03374823787323787,0
313,0.9034242979242982,0.0965757020757021,0
314,0.6756500768896246,0.3243499231103753,0
315,0.7236344240705798,0.27636557592941974,0
316,0.6712079581824669,0.3287920418175331,0
317,0.5831373294641069,0.416862670535893,0
318,0.29678153130946067,0.7032184686905392,1
319,0.9996774193548387,0.0003225806451612903,0
320,0.996662436426216,0.0033375635737840463,0
321,0.9738004748187317,0.02619952518126807,0
322,0.19031691671117387,0.8096830832888261,1
323,0.3899971977845426,0.6100028022154573,1
324,0.7913241742214631,0.2086758257785366,0
325,0.9885244188066359,0.011475581193364004,0
326,0.849572812785153,0.15042718721484713,0
327,0.7464154960338018,0.2535845039661986,0
328,0.9627459893978508,0.03725401060214924,0
329,0.33064082788883453,0.6693591721111651,1
330,0.9716262773533451,0.028373722646654973,0
331,0.16347065664066707,0.8365293433593328,1
332,0.2615005420782024,0.7384994579217974,1
333,0.9718516106160557,0.02814838938394431,0
334,0.9918900678404473,0.008109932159552613,0
335,0.42574643193168143,0.5742535680683186,1
336,0.4082155941889251,0.5917844058110748,1
337,0.8369132851820489,0.16308671481795048,0
338,0.9572185508722386,0.04278144912776154,0
339,0.50039978449977,0.49960021550023,0
340,0.20752862548445808,0.7924713745155418,1
341,0.909903784485832,0.09009621551416755,0
342,0.4826435757275705,0.5173564242724296,1
343,0.6239975928929984,0.3760024071070017,0
344,0.3968320512695972,0.6031679487304026,1
345,0.43957324568144,0.5604267543185599,1
346,0.7240836031640824,0.2759163968359175,0
347,0.9492165875255203,0.05078341247447958,0
348,0.9883912551727707,0.011608744827229319,0
349,0.49411846925778613,0.5058815307422138,1
350,0.8857626118415525,0.11423738815844749,0
351,0.7978701986786472,0.20212980132135258,0
352,0.8433473313555807,0.15665266864441899,0
353,0.7896475860812571,0.21035241391874315,0
354,0.9702754518872939,0.029724548112706008,0
355,0.9807558781367792,0.019244121863220463,0
356,0.5131978665527425,0.4868021334472576,0
357,0.8001805293807878,0.19981947061921188,0
358,0.8284383949120665,0.17156160508793333,0
359,0.9084709780008298,0.09152902199917007,0
360,0.6855733195772844,0.31442668042271527,0
361,0.8997009487778937,0.10029905122210614,0
362,0.9657535698135993,0.03424643018640066,0
363,0.9996188519913273,0.00038114800867282894,0
364,0.6001596879066807,0.39984031209331944,0
365,0.9924115062865064,0.007588493713493713,0
366,0.39638269114923164,0.6036173088507685,1
367,0.952203050217756,0.04779694978224391,0
368,0.9950833333333334,0.004916666666666667,0
369,0.994029004957874,0.005970995042125987,0
370,0.8004186073409117,0.19958139265908753,0
371,0.6580916840576017,0.34190831594239823,0
372,0.8371917290829199,0.16280827091708006,0
373,0.6969858967711494,0.30301410322885064,0
374,0.7954171849231032,0.20458281507689657,0
375,0.7148751505890172,0.2851248494109829,0
376,0.7117541368145501,0.28824586318544976,0
377,0.7561651367264172,0.24383486327358245,0
378,0.15387944225836103,0.846120557741639,1
379,0.9712641025176088,0.02873589748239118,0
380,0.9941812865497076,0.005818713450292397,0
381,0.3850085065916862,0.6149914934083135,1
382,0.6610083245631635,0.3389916754368364,0
383,0.9284903684786072,0.07150963152139286,0
384,0.9649541734787895,0.03504582652121015,0
385,0.38316191704338826,0.6168380829566119,1
386,0.6567494379810686,0.3432505620189313,0
387,0.9677296397000767,0.0322703602999231,0
388,0.9745199792340383,0.025480020765961647,0
389,0.912401292730044,0.08759870726995579,0
390,0.8392763733514507,0.16072362664854925,0
391,0.8608035047170537,0.13919649528294595,0
392,0.9839477484462502,0.016052251553749716,0
393,0.9873497340165794,0.01265026598342049,0
394,0.11735733100002686,0.8826426689999732,1
395,0.9765542954080603,0.023445704591939592,0
396,0.9102723687842049,0.08972763121579472,0
397,0.666341846592022,0.33365815340797744,0
398,0.6283064248498939,0.37169357515010604,0
399,0.6587040167869422,0.3412959832130577,0
400,0.9066379622011975,0.09336203779880249,0
401,0.6724131207911711,0.32758687920882856,0
402,0.9695831487549175,0.030416851245082425,0
403,0.11975135978956923,0.8802486402104306,1
404,0.56186245951917,0.4381375404808299,0
405,0.7823136665943201,0.21768633340567983,0
406,0.9914035087719297,0.008596491228070175,0
407,0.3656860655490991,0.6343139344509008,1
408,0.6862583853781762,0.313741614621824,0
409,0.5716947722987209,0.42830522770127916,0
410,0.591004202823733,0.40899579717626694,0
411,0.9961231621835336,0.0038768378164662997,0
412,0.8882010266695751,0.11179897333042506,0
413,0.9528118547837109,0.04718814521628923,0
414,0.5986117206121503,0.4013882793878497,0
415,0.5842798374797116,0.41572016252028826,0
416,0.8297097214041885,0.17029027859581133,0
417,0.9251904354544515,0.07480956454554853,0
418,0.6782770897059592,0.3217229102940402,0
419,0.7579065743330042,0.24209342566699543,0
420,0.9547175939684521,0.04528240603154792,0
421,0.6549024885057259,0.34509751149427415,0
422,0.8803213099219502,0.11967869007804958,0
423,0.9826848290598288,0.017315170940170942,0
424,0.8361171346832641,0.16388286531673554,0
425,0.44350332156717287,0.5564966784328272,1
426,0.7911810950412916,0.2088189049587082,0
427,0.9954827628511839,0.004517237148816096,0
428,0.9640407129089954,0.03595928709100468,0
429,0.8822480256671432,0.1177519743328567,0
430,0.7547912138663148,0.24520878613368566,0
431,0.8515950918004361,0.14840490819956384,0
432,0.9698301896486968,0.030169810351302825,0
433,0.7771304845010275,0.2228695154989727,0
434,0.9974976398701152,0.0025023601298849504,0
435,0.5538339402246474,0.4461660597753525,0
436,0.4792123776964462,0.5207876223035537,1
437,0.8489866290228519,0.15101337097714806,0
438,0.7106129612409603,0.28938703875903965,0
439,0.9875807938191837,0.01241920618081609,0
440,0.991757573399419,0.008242426600581106,0
441,0.6128610240937052,0.38713897590629487,0
442,0.990932312994813,0.009067687005187003,0
443,0.9736629037714013,0.026337096228598623,0
444,0.9984615384615384,0.0015384615384615385,0
445,0.5676063418255604,0.4323936581744393,0
446,0.34501669045220706,0.6549833095477928,1
447,0.9707099264781831,0.029290073521816406,0
448,0.9790318151290284,0.020968184870971247,0
449,0.9522652155656814,0.04773478443431825,0
450,0.9865487264283702,0.01345127357162961,0
451,0.5875487748361207,0.4124512251638792,0
452,0.6454913185074628,0.3545086814925372,0
453,0.816728621826616,0.1832713781733838,0
454,0.8299114287823508,0.1700885712176487,0
455,0.8035458886110506,0.1964541113889492,0
456,0.2079898288600187,0.7920101711399811,1
457,0.6947190597087566,0.3052809402912432,0
458,0.8752345576199323,0.1247654423800675,0
459,0.8911300413565943,0.10886995864340542,0
460,0.5607415652194416,0.43925843478055837,0
461,0.8023087897310804,0.19769121026891917,0
462,0.7516309733162555,0.24836902668374441,0
463,0.7102404278727805,0.28975957212721914,0
464,0.6116428524510082,0.3883571475489916,0
465,0.678443971363838,0.3215560286361617,0
466,0.8589243128732295,0.14107568712677074,0
467,0.8522113800308364,0.14778861996916337,0
468,0.39041319519902623,0.6095868048009738,1
469,0.6669175044136607,0.33308249558633934,0
470,0.23323126537170413,0.7667687346282959,1
471,0.34419389688173646,0.6558061031182636,1
472,0.6573397361869051,0.3426602638130947,0
473,0.3509373589933794,0.6490626410066206,1
474,0.8556496396751596,0.14435036032484042,0
475,0.9813544753563366,0.018645524643663283,0
476,0.9777043410398673,0.02229565896013264,0
477,0.6636547949021484,0.33634520509785126,0
478,0.0750302926132252,0.9249697073867748,1
479,0.7757238161448684,0.22427618385513118,0
480,0.27441727516764375,0.7255827248323561,1
481,0.41081180480534085,0.589188195194659,1
482,0.9910054713401603,0.008994528659839778,0
483,0.9732160489273425,0.02678395107265746,0
484,0.915561946277003,0.08443805372299697,0
485,0.8260996739906474,0.17390032600935235,0
486,0.8677155568566506,0.132284443143349,0
487,0.9224817001024429,0.07751829989755685,0
488,0.9415638351844235,0.05843616481557657,0
489,0.7535590898953131,0.24644091010468722,0
490,0.44663351228001985,0.5533664877199803,1
491,0.889726645463638,0.11027335453636161,0
492,0.9958580106683822,0.004141989331617814,0
493,0.6236124410384317,0.3763875589615679,0
494,0.8821929837018848,0.11780701629811534,0
495,0.8734649372725197,0.12653506272748,0
496,0.4376024638381831,0.562397536161817,1
497,0.8707021296357186,0.1292978703642811,0
498,0.9182448094020674,0.08175519059793251,0
499,0.5056165805289194,0.4943834194710805,0
500,0.5174288735371421,0.4825711264628578,0
501,0.4515587543854618,0.5484412456145383,1
502,0.9536867306868814,0.046313269313118605,0
503,0.2395005426085864,0.7604994573914138,1
504,0.918700165648157,0.08129983435184295,0
505,0.8673821392940055,0.13261786070599463,0
506,0.3396694654642784,0.6603305345357218,1
507,0.33320980709642,0.66679019290358,1
508,0.3124083173440298,0.6875916826559698,1
509,0.6767873885143705,0.32321261148562974,0
510,0.6963136989680403,0.3036863010319594,0
511,0.891689092263086,0.1083109077369139,0
512,0.8926107924895192,0.10738920751048038,0
513,0.6110608966975655,0.3889391033024343,0
514,0.961695843473212,0.03830415652678775,0
515,0.9216686152541413,0.07833138474585843,0
516,0.9494527336993986,0.05054726630060116,0
517,0.8485584560809045,0.15144154391909537,0
518,0.6064922433648674,0.3935077566351324,0
519,0.9062303228693402,0.09376967713065966,0
520,0.6353945493226492,0.36460545067735045,0
521,0.7312524562773512,0.2687475437226487,0
522,0.9578415606705012,0.04215843932949866,0
523,0.7789359403824239,0.2210640596175757,0
524,0.9592335071449297,0.04076649285507015,0
525,0.9481546103145384,0.05184538968546131,0
526,0.13443502486042905,0.865564975139571,1
527,0.9959611219842722,0.004038878015727812,0
528,0.6762678475291238,0.3237321524708763,0
529,0.992939393939394,0.007060606060606061,0
530,0.1989086312871901,0.8010913687128096,1
531,0.6549332085097851,0.3450667914902148,0
532,0.2892749916600966,0.710725008339903,1
533,0.5507837383152127,0.4492162616847873,0
534,0.9213226522447558,0.07867734775524395,0
535,0.35695820146956164,0.6430417985304382,1
536,0.4961501677091323,0.5038498322908677,1
537,0.8739916779986437,0.126008322001356,0
538,0.7489418821931273,0.2510581178068727,0
539,0.5897874264146712,0.4102125735853288,0
540,0.6960416166511877,0.3039583833488121,0
541,0.3857555676085802,0.6142444323914197,1
542,0.8308785300672465,0.1691214699327534,0
543,0.8159761714798011,0.1840238285201988,0
544,0.793150385329674,0.2068496146703261,0
545,0.5391285322022535,0.46087146779774635,0
546,0.8047825636114871,0.19521743638851263,0
547,0.8832843741226096,0.11671562587739057,0
548,0.7587267697315919,0.24127323026840788,0
549,0.9949686053783614,0.005031394621638524,0
550,0.9173111745751563,0.08268882542484336,0
551,0.8605293711737163,0.13947062882628358,0
552,0.9387116633366633,0.061288336663336655,0
553,0.9864106495901969,0.01358935040980298,0
554,0.5294750645658786,0.4705249354341214,0
555,0.5750787072939667,0.4249212927060331,0
556,0.9631595020091468,0.036840497990852955,0
557,0.45651450480404693,0.543485495195953,1
558,0.5690628977745575,0.43093710222544246,0
559,0.15033532889699266,0.8496646711030074,1
560,0.1088327675717066,0.8911672324282938,1
561,0.9880833219898528,0.011916678010147104,0
562,0.9769318188163112,0.023068181183688634,0
563,0.7503608669877012,0.24963913301229862,0
564,0.28011473846381213,0.7198852615361879,1
565,0.9734278920254149,0.026572107974584754,0
566,0.47895527473698335,0.5210447252630166,1
567,0.9909843590166639,0.009015640983336081,0
568,0.5819877466802666,0.41801225331973313,0
569,0.9989036772955228,0.0010963227044772108,0
570,0.9578180731505869,0.04218192684941274,0
571,0.9182562133836863,0.08174378661631351,0
572,0.966130930917544,0.033869069082455815,0
573,0.3695636248922258,0.6304363751077741,1
574,0.9777628943124299,0.02223710568757008,0
575,0.45651450480404693,0.543485495195953,1
576,0.18351006821599328,0.8164899317840068,1
577,0.9495608786924576,0.050439121307542356,0
578,0.46494649435601254,0.5350535056439876,1
579,0.7856340798660894,0.21436592013391048,0
580,0.9790231043466339,0.020976895653366235,0
581,0.5952324459620078,0.4047675540379923,0
582,0.9843904475699948,0.015609552430005,0
583,0.987719323375283,0.012280676624716871,0
584,0.7737130879314971,0.22628691206850257,0
585,0.9775001128774845,0.022499887122515314,0
586,0.6172023659131651,0.3827976340868349,0
587,0.9227639537925346,0.07723604620746517,0
588,0.9177902596199808,0.082209740380019,0
589,0.4050840725279584,0.5949159274720416,1
590,0.9880289434965905,0.011971056503409445,0
591,0.6742748417594129,0.32572515824058695,0
592,0.9327819928480531,0.06721800715194676,0
593,0.5372401585383265,0.46275984146167354,0
594,0.993431145325263,0.006568854674737028,0
595,0.6186778451040144,0.38132215489598564,0
596,0.3989281879933306,0.6010718120066693,1
597,0.8459711414316675,0.15402885856833226,0
598,0.9935899589715861,0.006410041028413676,0
599,0.49238867621648574,0.5076113237835144,1
600,0.9275932075517201,0.07240679244827983,0
601,0.9155528380152234,0.08444716198477618,0
602,0.889551728982694,0.110448271017306,0
603,0.8990617150494323,0.10093828495056789,0
604,0.1932426550625664,0.8067573449374338,1
605,0.8420315776185744,0.15796842238142547,0
606,0.9865365698168812,0.013463430183118623,0
607,0.5407515294645021,0.45924847053549783,0
608,0.8681337428936438,0.13186625710635616,0
609,0.949927777932422,0.050072222067578095,0
610,0.711545579134824,0.28845442086517603,0
611,0.8964021485731445,0.10359785142685528,0
612,0.9664778208518576,0.03352217914814231,0
613,0.8840339702374539,0.11596602976254598,0
614,0.8886796749943541,0.11132032500564516,0
615,0.39528212123466977,0.6047178787653302,1
616,0.8691531005973724,0.13084689940262692,0
617,0.467446660884918,0.532553339115082,1
618,0.46362692523329196,0.536373074766708,1
619,0.8925003994364884,0.10749960056351153,0
620,0.8970336472351178,0.1029663527648822,0
621,0.8612963688730961,0.13870363112690368,0
622,0.7611778479504245,0.2388221520495751,0
623,0.25083616047349794,0.7491638395265019,1
624,0.9894006640002813,0.01059933599971867,0
625,0.9996188519913273,0.00038114800867282894,0
626,0.41422205691891134,0.5857779430810887,1
627,0.9930762601927353,0.00692373980726464,0
628,0.9056203482791719,0.09437965172082816,0
629,0.46778330756278413,0.532216692437216,1
630,0.9964701287339082,0.0035298712660917385,0
631,0.7807966159313683,0.21920338406863177,0
632,0.8450386704069863,0.15496132959301354,0
633,0.5432618039869005,0.4567381960130995,0
634,0.45047752245860473,0.5495224775413952,1
635,0.9441550649785942,0.055844935021405605,0
636,0.8098221830005512,0.19017781699944894,0
637,0.38103711980230387,0.6189628801976962,1
638,0.32710383601434173,0.6728961639856581,1
639,0.5419468208902992,0.45805317910970067,0
640,0.8817196543294105,0.11828034567058954,0
641,0.9806881084622587,0.01931189153774114,0
642,0.8348215043151709,0.1651784956848289,0
643,0.2997673551668027,0.7002326448331975,1
644,0.48092485069810187,0.519075149301898,1
645,0.5240701511979571,0.4759298488020429,0
646,0.4183026989241659,0.5816973010758342,1
647,0.6517245424589606,0.3482754575410391,0
648,0.18342461403000598,0.8165753859699941,1
649,0.7317212887283219,0.26827871127167785,0
650,0.931294796356771,0.06870520364322885,0
651,0.695814868991323,0.3041851310086766,0
652,0.9077890206094452,0.09221097939055438,0
653,0.5889877174233176,0.4110122825766824,0
654,0.9512348207855251,0.04876517921447492,0
655,0.8700580212271389,0.1299419787728611,0
656,0.8513749413170819,0.14862505868291795,0
657,0.5440512027574549,0.45594879724254506,0
658,0.3724962570571278,0.6275037429428723,1
659,0.6197111664408361,0.3802888335591639,0
660,0.9496487436835664,0.05035125631643331,0
661,0.9891209277099601,0.010879072290039664,0
662,0.21784518988708002,0.7821548101129195,1
663,0.7810666962197753,0.21893330378022466,0
664,0.7006111729097951,0.29938882709020453,0
665,0.613341221925222,0.38665877807477783,0
666,0.4987416751575253,0.5012583248424747,1
667,0.3484757025971582,0.6515242974028418,1
668,0.6979006763440982,0.30209932365590186,0
669,0.5728672009044165,0.42713279909558355,0
670,0.9426245677260059,0.05737543227399408,0
671,0.8976977967322981,0.10230220326770187,0
672,0.37786558365291306,0.622134416347087,1
673,0.7643750833976303,0.23562491660236987,0
674,0.7496111235924626,0.25038887640753726,0
675,0.3709259112161587,0.6290740887838413,1
676,0.4334833520810252,0.5665166479189748,1
677,0.7350602801285114,0.2649397198714887,0
678,0.8024299798937234,0.19757002010627656,0
679,0.9894022177214364,0.010597782278563611,0
680,0.8660083284149956,0.13399167158500436,0
681,0.6386084765715375,0.36139152342846254,0
682,0.9996188519913273,0.00038114800867282894,0
683,0.6628178221672977,0.3371821778327021,0
684,0.9443924277607438,0.05560757223925616,0
685,0.3826551724790417,0.6173448275209583,1
686,0.32135000009466524,0.6786499999053345,1
687,0.8257905551183683,0.17420944488163162,0
688,0.5150772301098201,0.48492276989017996,0
689,0.9843397937652598,0.01566020623474005,0
690,0.528558234097414,0.47144176590258596,0
691,0.9989204040977573,0.0010795959022426738,0
692,0.43075770494529386,0.5692422950547061,1
693,0.664557580724325,0.335442419275675,0
694,0.9081805591460597,0.09181944085394013,0
695,0.8623433652244579,0.1376566347755415,0
696,0.4059671325998675,0.5940328674001326,1
697,0.8479727437981255,0.15202725620187413,0
698,0.27576068663155956,0.7242393133684398,1
699,0.9811225864909023,0.01887741350909743,0
700,0.963792838486202,0.036207161513797666,0
701,0.9095051520846071,0.09049484791539289,0
702,0.4364828673723313,0.5635171326276687,1
703,0.8615227020153488,0.13847729798465092,0
704,0.5301025276900204,0.4698974723099796,0
705,0.9427089535343213,0.05729104646567881,0
706,0.3756260636977203,0.6243739363022798,1
707,0.355580118616275,0.6444198813837254,1
708,0.9086508642913127,0.09134913570868741,0
709,0.5666020226506671,0.43339797734933294,0
710,0.9004757924767681,0.0995242075232316,0
711,0.9891674603174604,0.010832539682539683,0
712,0.9968689002254577,0.0031310997745423973,0
713,0.7972619906151637,0.202738009384836,0
714,0.9405947880594219,0.05940521194057758,0
715,0.9764776169822607,0.02352238301773906,0
716,0.24939429617539674,0.7506057038246031,1
717,0.8698953626782572,0.13010463732174254,0
718,0.9897575436566219,0.010242456343377995,0
719,0.8830409102252014,0.11695908977479842,0
720,0.49861809273454805,0.5013819072654521,1
721,0.8886947626524563,0.11130523734754352,0
722,0.994029004957874,0.005970995042125987,0
723,0.1396565926806028,0.8603434073193972,1
724,0.7171308627489975,0.2828691372510022,0
725,0.9272880219609454,0.07271197803905471,0
726,0.444775158823766,0.5552248411762342,1
727,0.7411729091039528,0.258827090896047,0
728,0.11332383144523893,0.8866761685547612,1
729,0.9622947531395806,0.037705246860419275,0
730,0.946755213957159,0.05324478604284097,0
731,0.9989355742296918,0.0010644257703081232,0
732,0.6447090152349003,0.35529098476509974,0
733,0.11203265114097488,0.8879673488590248,1
734,0.9985662856596283,0.0014337143403716013,0
735,0.38858782677136583,0.6114121732286341,1
736,0.8837841011200644,0.11621589887993573,0
737,0.24359924502413002,0.7564007549758698,1
738,0.4250777638553726,0.5749222361446275,1
739,0.8666012632240513,0.13339873677594835,0
740,0.5913478920586949,0.408652107941305,0
741,0.9739358050360372,0.02606419496396276,0
742,0.85876433155008,0.14123566844992,0
743,0.7468469192812747,0.2531530807187254,0
744,0.6807881337842902,0.31921186621570996,0
745,0.9907532467532468,0.009246753246753246,0
746,0.7862875234860445,0.21371247651395514,0
747,0.4872731234512284,0.5127268765487716,1
748,0.515303236050418,0.48469676394958205,0
749,0.6879422013199598,0.3120577986800404,0
750,0.46368347724769365,0.5363165227523063,1
751,0.9805046897546897,0.019495310245310246,0
752,0.9759763284403875,0.02402367155961244,0
753,0.9992098093163668,0.0007901906836333067,0
754,0.9895723308819516,0.010427669118048256,0
755,0.9611518834059667,0.03884811659403311,0
756,0.9632824397824394,0.03671756021756021,0
757,0.4509654338189326,0.5490345661810673,1
758,0.8455168870010589,0.15448311299894088,0
759,0.6465098937803065,0.3534901062196936,0
760,0.9708362451041025,0.029163754895897752,0
761,0.6288772140739677,0.3711227859260323,0
762,0.2727110028829844,0.7272889971170154,1
763,0.7338608301998839,0.2661391698001158,0
764,0.9994594594594595,0.0005405405405405405,0
765,0.9324165665937686,0.06758343340623138,0
766,0.9312223422553798,0.06877765774461998,0
767,0.9891612554112552,0.010838744588744589,0
768,0.9711326684519961,0.02886733154800382,0
769,0.5670812120142719,0.432918787985728,0
770,0.32187104620531054,0.6781289537946893,1
771,0.9877581343007992,0.012241865699200962,0
772,0.9903880505360582,0.009611949463941873,0
773,0.8967723416181567,0.10322765838184314,0
774,0.4099852927774741,0.5900147072225259,1
775,0.5902201823823983,0.4097798176176014,0
776,0.9072027668471625,0.09279723315283729,0
777,0.7414609617917778,0.25853903820822244,0
778,0.9835028986601156,0.01649710133988415,0
779,0.749938777966203,0.25006122203379705,0
780,0.36427699885862885,0.6357230011413713,1
781,0.9946320597617038,0.005367940238296276,0
782,0.86541650976156,0.13458349023844,0
783,0.9410727914407689,0.05892720855923103,0
784,0.29736632661036577,0.7026336733896339,1
785,0.8885996410978858,0.11140035890211411,0
786,0.38155826138970467,0.6184417386102954,1
787,0.34625476143500883,0.6537452385649913,1
788,0.7869075796390206,0.21309242036097895,0
789,0.5190194553035076,0.48098054469649243,0
790,0.6253457718751836,0.3746542281248164,0
791,0.7009053360599161,0.2990946639400839,0
792,0.9448792840912589,0.05512071590874112,0
793,0.26219177529850146,0.7378082247014984,1
794,0.9892169597492645,0.01078304025073535,0
795,0.5791370913983043,0.4208629086016956,0
796,0.44086386371893793,0.5591361362810621,1
797,0.8344302671623303,0.1655697328376693,0
798,0.8786078664070649,0.12139213359293516,0
799,0.9661514127018788,0.03384858729812111,0
800,0.6792204418955451,0.3207795581044546,0
801,0.893650919195367,0.10634908080463265,0
802,0.8434734510768819,0.1565265489231183,0
803,0.9892935606060606,0.010706439393939393,0
804,0.938139319014319,0.06186068098568098,0
805,0.8832963603452286,0.11670363965477124,0
806,0.8492389249555318,0.1507610750444678,0
807,0.9010643979971208,0.09893560200287892,0
808,0.6199882281215369,0.38001177187846324,0
809,0.6016401305916749,0.3983598694083249,0
810,0.5346245278593053,0.46537547214069463,0
811,0.6374050297435173,0.36259497025648274,0
812,0.6500091950439334,0.34999080495606677,0
813,0.4713292212963846,0.5286707787036153,1
814,0.3506511803870497,0.6493488196129502,1
815,0.7298878445980819,0.2701121554019184,0
816,0.8316230619239947,0.1683769380760055,0
817,0.9878354321573591,0.012164567842640932,0
818,0.9924724090622754,0.0075275909377244534,0
819,0.9844713897213897,0.015528610278610277,0
820,0.6082728211764157,0.39172717882358427,0
821,0.7570697367160649,0.2429302632839346,0
822,0.620093799396448,0.37990620060355185,0
823,0.9908426186216883,0.00915738137831161,0
824,0.38099300662271207,0.6190069933772876,1
825,0.7752043623913962,0.22479563760860363,0
826,0.9212711723132387,0.07872882768676112,0
827,0.8978310766996279,0.10216892330037214,0
828,0.9803856437539531,0.019614356246046672,0
829,0.9332675257748781,0.0667324742251213,0
830,0.9786813195703354,0.021318680429664408,0
831,0.7481291097412077,0.2518708902587921,0
832,0.5755745047878537,0.42442549521214623,0
833,0.9591628681775742,0.04083713182242594,0
834,0.7391351418328259,0.2608648581671742,0
835,0.25996203929647793,0.7400379607035219,1
836,0.8242200567619362,0.1757799432380634,0
837,0.9547440854401507,0.04525591455984914,0
838,0.3269084688442062,0.673091531155794,1
839,0.9685390559123981,0.03146094408760187,0
840,0.49091855988479133,0.5090814401152086,1
841,0.8667612003013724,0.1332387996986275,0
842,0.6447687946274807,0.35523120537251907,0
843,0.6127396167577879,0.3872603832422119,0
844,0.9960416666666666,0.003958333333333333,0
845,0.1829072894627216,0.8170927105372782,1
846,0.9991872741864367,0.0008127258135632468,0
847,0.3479325953412688,0.6520674046587311,1
848,0.9962478802470427,0.0037521197529571866,0
849,0.14563530361639976,0.8543646963835999,1
850,0.8077309762541366,0.19226902374586297,0
851,0.5807479426317808,0.4192520573682191,0
852,0.6164123466629288,0.38358765333707096,0
853,0.6461397269425254,0.3538602730574745,0
854,0.6877696971498187,0.3122303028501811,0
855,0.9927875890513685,0.0072124109486314215,0
856,0.9082839097443296,0.09171609025567039,0
857,0.7886690111036243,0.21133098889637578,0
858,0.6986734776183912,0.3013265223816086,0
859,0.47422305022988964,0.5257769497701104,1
860,0.8964782791345989,0.10352172086540076,0
861,0.5324746510198743,0.4675253489801257,0
862,0.7449470110727806,0.2550529889272194,0
863,0.9842117773918639,0.01578822260813582,0
864,0.7679350246430022,0.23206497535699797,0
865,0.8235622391802225,0.17643776081977716,0
866,0.9238769604105903,0.07612303958940952,0
867,0.818758983461124,0.1812410165388757,0
868,0.9439107640396732,0.056089235960326646,0
869,0.22121622325179963,0.7787837767482003,1
870,1.0,0.0,0
871,0.6124054752511812,0.3875945247488189,0
872,0.1851173322098014,0.8148826677901988,1
873,0.9558735943946158,0.04412640560538389,0
874,0.21777475744575045,0.7822252425542493,1
875,0.768011506635214,0.2319884933647858,0
876,0.2828149855147656,0.717185014485234,1
877,0.4145799737613443,0.5854200262386559,1
878,0.8722840008684106,0.12771599913158882,0
879,0.8928354537038765,0.10716454629612347,0
880,0.8670401290633655,0.13295987093663425,0
881,0.6110608966975655,0.3889391033024343,0
882,0.3378666889636777,0.662133311036322,1
883,0.9907532467532468,0.009246753246753246,0
884,0.850745881227625,0.14925411877237496,0
885,0.41380651103878946,0.5861934889612104,1
886,0.3517727344225405,0.6482272655774592,1
887,0.2325827317070384,0.7674172682929615,1
888,0.36364667911244813,0.6363533208875518,1
889,0.14743997290007418,0.8525600270999258,1
890,0.4147860368596196,0.5852139631403805,1
891,0.7625063918042074,0.2374936081957925,0
892,0.9775135840554293,0.02248641594457045,0
893,0.5329247056997569,0.4670752943002431,0
894,0.40493615629376606,0.5950638437062339,1
895,0.2798412958752319,0.720158704124768,1
896,0.3935489176859202,0.6064510823140801,1
897,0.34416481720327236,0.6558351827967276,1
898,0.6350153149202726,0.36498468507972737,0
899,0.6584460900983871,0.34155390990161266,0
900,0.9692240767636571,0.030775923236342796,0
901,0.9914035087719297,0.008596491228070175,0
902,0.35496599264765555,0.6450340073523444,1
903,0.7953851542342116,0.20461484576578845,0
904,0.8250869568741085,0.17491304312589148,0
905,0.3177666256521602,0.6822333743478396,1
906,0.4916762606810585,0.5083237393189415,1
907,0.9825706842744552,0.017429315725544726,0
908,0.8977877077305846,0.10221229226941521,0
909,0.6517211910831793,0.34827880891682084,0
910,0.9672007575757574,0.03279924242424242,0
911,0.7098321228218181,0.290167877178182,0
912,0.7013434611534509,0.2986565388465489,0
913,0.5321452116564556,0.4678547883435444,0
914,0.9809431792821459,0.019056820717854216,0
915,0.91812789488459,0.08187210511540996,0
916,0.9241453302822046,0.07585466971779513,0
917,0.9693340832021119,0.03066591679788822,0
918,0.246259215665027,0.7537407843349733,1
919,0.8450089352661369,0.1549910647338632,0
920,1.0,0.0,0
921,0.17296097049389078,0.8270390295061092,1
922,0.33859486394651206,0.6614051360534876,1
923,0.3756084448680306,0.6243915551319693,1
924,0.4228452675607378,0.5771547324392621,1
925,0.9981003176646976,0.0018996823353023772,0
926,0.5085671633700519,0.491432836629948,0
927,0.9814220543209915,0.0185779456790084,0
928,0.5199581537284116,0.4800418462715884,0
929,0.436020752598601,0.5639792474013989,1
930,0.7653676452224886,0.23463235477751138,0
931,0.9653604669127658,0.03463953308723405,0
932,0.3369653265419138,0.6630346734580863,1
933,0.8895232184163074,0.11047678158369222,0
934,0.4737957390887242,0.5262042609112758,1
935,0.5642255540827812,0.43577444591721887,0
936,0.15054118931203528,0.8494588106879646,1
937,0.9135717048008162,0.0864282951991836,0
938,0.7626085842691879,0.23739141573081196,0
939,0.6809984477616687,0.31900155223833104,0
940,0.8923024203715219,0.107697579628478,0
941,0.6582310972282504,0.34176890277174926,0
942,0.24939429617539674,0.7506057038246031,1
943,0.7043159961166583,0.2956840038833418,0
944,0.8789786802141887,0.12102131978581068,0
945,0.9089784165006242,0.09102158349937584,0
946,0.8936420661108972,0.1063579338891026,0
947,0.9904686977418479,0.009531302258152052,0
948,0.9467061831162986,0.053293816883701134,0
949,0.9274069669588045,0.07259303304119481,0
950,0.5547907777860848,0.445209222213915,0
951,0.5898300906435971,0.41016990935640285,0
952,0.9775005271382924,0.02249947286170744,0
953,0.9637783846143477,0.036221615385652245,0
954,0.8237139983489088,0.17628600165109115,0
955,0.2811747417991771,0.7188252582008228,1
956,0.4400107654338531,0.5599892345661469,1
957,0.6250181787577358,0.374981821242264,0
958,0.2814207116099067,0.718579288390093,1
959,0.9366897406617788,0.0633102593382212,0
960,0.9989036772955228,0.0010963227044772108,0
961,0.8042764027035766,0.19572359729642333,0
962,0.4725028937846025,0.5274971062153976,1
963,0.8313403205675908,0.16865967943240867,0
964,0.6526357532100229,0.34736424678997685,0
965,0.5556490561983727,0.44435094380162715,0
966,0.6910655590165491,0.30893444098345085,0
967,0.7051082505068058,0.29489174949319413,0
968,0.9823750484953853,0.0176249515046146,0
969,0.35239974266269875,0.6476002573373013,1
970,0.8032186698019019,0.19678133019809788,0
971,0.6701141869390039,0.3298858130609959,0
972,0.9683908224149727,0.03160917758502719,0
973,0.3922230547990126,0.6077769452009874,1
974,0.16097458323800212,0.8390254167619977,1
975,0.3637365997687698,0.63626340023123,1
976,0.38594825527861376,0.614051744721386,1
977,0.9821467833242026,0.017853216675797322,0
978,0.9848304084804086,0.015169591519591519,0
979,0.9996188519913273,0.00038114800867282894,0
980,0.9004166695877224,0.09958333041227778,0
981,0.9925251264323436,0.0074748735676563784,0
982,0.5693209140765336,0.4306790859234662,0
983,0.2122155095337071,0.7877844904662927,1
984,0.9905844837417009,0.009415516258299068,0
985,0.981001558681106,0.018998441318893892,0
986,0.9730175105554859,0.026982489444513917,0
987,0.6091627689007469,0.3908372310992533,0
988,0.6731732260712788,0.3268267739287213,0
989,0.9957177837980253,0.004282216201974614,0
990,0.7000346376675988,0.29996536233240134,0
991,0.946251375466034,0.053748624533965714,0
992,0.9257432189594915,0.07425678104050842,0
993,0.9302569603599009,0.06974303964009844,0
994,0.9723939074210814,0.027606092578918665,0
995,0.33409341134269255,0.6659065886573071,1
996,0.7336459890979445,0.2663540109020551,0
997,0.5077822810303194,0.4922177189696806,0
998,0.8566557418874206,0.14334425811257895,0
999,0.39107559358206395,0.6089244064179359,1
1000,0.9484553528716602,0.05154464712833965,0
1001,0.29107641995098654,0.7089235800490131,1
1002,0.8909353158021885,0.10906468419781111,0
1003,0.3845641213754283,0.6154358786245716,1
1004,0.7097890554272835,0.29021094457271646,0
1005,0.45668507160686794,0.5433149283931322,1
1006,0.8473559642627754,0.15264403573722463,0
1007,0.6871419879448918,0.312858012055108,0
1008,0.9829608668895544,0.017039133110445512,0
1009,0.6847285155459849,0.315271484454015,0
1010,0.8493217110618464,0.1506782889381534,0
1011,0.35814750624453345,0.6418524937554664,1
1012,0.8325410108994313,0.16745898910056858,0
1013,0.20161745089261132,0.7983825491073887,1
1014,0.8058940786341998,0.1941059213657997,0
1015,0.8145307218195224,0.18546927818047756,0
1016,0.6064147973913144,0.3935852026086852,0
1017,0.8461339862636605,0.15386601373633957,0
1018,0.9228800427728443,0.07711995722715535,0
1019,0.9979501748251747,0.002049825174825175,0
1020,0.8693516688011109,0.13064833119888897,0
1021,0.7974978616593994,0.2025021383406008,0
1022,0.09545594814946279,0.9045440518505369,1
1023,0.6557356728851679,0.344264327114832,0
1024,0.9688160151754336,0.031183984824566323,0
1025,0.9746251069192243,0.025374893080775434,0
1026,0.9723657461586034,0.027634253841396693,0
1027,0.9794496509968645,0.02055034900313538,0
1028,0.8700335323173556,0.1299664676826441,0
1029,0.9493947129196674,0.05060528708033245,0
1030,0.5190914528621576,0.48090854713784226,0
1031,0.386466069019965,0.613533930980035,1
1032,0.11846984501661019,0.88153015498339,1
1033,0.9245225669153687,0.07547743308463123,0
1034,0.3240179290972962,0.6759820709027038,1
1035,0.8650055983747934,0.13499440162520657,0
1036,0.4432936688127543,0.5567063311872458,1
1037,0.9265084283532559,0.07349157164674407,0
1038,0.12886100444134396,0.8711389955586565,1
1039,0.5709558871551258,0.4290441128448741,0
1040,0.956154781062595,0.043845218937404784,0
1041,0.8125763923040463,0.18742360769595348,0
1042,0.6109590758282508,0.38904092417174935,0
1043,0.788864950638213,0.21113504936178654,0
1044,0.9804298458184328,0.019570154181567226,0
1045,0.42416886474205234,0.5758311352579476,1
1046,0.8220924900369835,0.17790750996301655,0
1047,0.7614998280755875,0.23850017192441242,0
1048,0.7125449773636932,0.28745502263630685,0
1049,0.7177281981359114,0.2822718018640884,0
1050,0.5975000770404022,0.4024999229595978,0
1051,0.6490940100383554,0.3509059899616444,0
1052,0.7410325433846602,0.2589674566153399,0
1053,0.8278428104151523,0.17215718958484785,0
1054,0.9989036772955228,0.0010963227044772108,0
1055,0.9997619047619049,0.0002380952380952381,0
1056,0.8342169641822718,0.1657830358177282,0
1057,0.9066254139292876,0.09337458607071232,0
1058,0.7457038510332292,0.2542961489667709,0
1059,0.0936322477342981,0.9063677522657017,1
1060,0.38270371060510766,0.6172962893948921,1
1061,0.6937484645706266,0.3062515354293732,0
1062,0.8887889118964968,0.11121108810350294,0
1063,0.9886964285714286,0.011303571428571428,0
1064,0.9625575396825397,0.03744246031746031,0
1065,0.9643756317212199,0.035624368278780044,0
1066,0.9894828161144431,0.010517183885556532,0
1067,0.5019792726167346,0.49802072738326536,0
1068,0.9343391866070435,0.06566081339295625,0
1069,0.9432495757099794,0.056750424290020286,0
1070,0.9845593717296055,0.015440628270394306,0
1071,0.9840306182916108,0.01596938170838921,0
1072,0.5815902332936089,0.41840976670639096,0
1073,0.9927915242652083,0.007208475734791524,0
1074,0.5007546480978171,0.4992453519021829,0
1075,0.8173490094891125,0.1826509905108875,0
1076,0.9134452832037522,0.08655471679624753,0
1077,0.8922433239955894,0.10775667600441052,0
1078,0.6192744343434193,0.38072556565658056,0
1079,0.5639403670487227,0.43605963295127714,0
1080,0.5647087367110367,0.4352912632889632,0
1081,0.5557451375905734,0.44425486240942663,0
1082,0.6407134740283607,0.3592865259716389,0
1083,0.694617888914847,0.30538211108515295,0
1084,0.709933864422255,0.2900661355777447,0
1085,0.3266835182291365,0.6733164817708635,1
1086,0.29210178243155743,0.7078982175684426,1
1087,0.9791520304682068,0.020847969531793062,0
1088,0.32206924804044024,0.6779307519595593,1
1089,0.8649442078019647,0.13505579219803543,0
1090,0.9275419992466466,0.07245800075335344,0
1091,0.9709683074861644,0.029031692513835368,0
1092,0.704636147524226,0.2953638524757739,0
1093,0.9724092409138845,0.027590759086115125,0
1094,0.9952264808362369,0.004773519163763066,0
1095,0.6587646446102012,0.3412353553897988,0
1096,1.0,0.0,0
1097,0.9095888652740257,0.09041113472597397,0
1098,0.4119609095091802,0.5880390904908198,1
1099,0.361731706086,0.6382682939139999,1
1100,0.613572167305153,0.3864278326948469,0
1101,0.6321920999336086,0.36780790006639114,0
1102,0.5025275511671912,0.4974724488328088,0
1103,0.9690580695826858,0.030941930417314047,0
1104,0.9796891041443456,0.02031089585565427,0
1105,0.5219407433717677,0.4780592566282323,0
1106,0.8623137313472484,0.13768626865275138,0
1107,0.7232171348029262,0.2767828651970737,0
1108,0.8849210066762283,0.11507899332377129,0
1109,0.709345119290302,0.2906548807096979,0
1110,0.3359571455616899,0.6640428544383097,1
1111,0.72993516223803,0.27006483776196993,0
1112,0.9995652173913043,0.00043478260869565214,0
1113,0.7833195156692938,0.216680484330706,0
1114,0.7853793616940036,0.2146206383059962,0
1115,0.6814602836842403,0.3185397163157596,0
1116,0.2959455726288212,0.7040544273711786,1
1117,0.20326446687488509,0.7967355331251147,1
1118,0.8923379032449332,0.10766209675506638,0
1119,0.18497146088746055,0.8150285391125393,1
1120,0.49640260865898844,0.5035973913410116,1
1121,0.8602662288633596,0.13973377113664034,0
1122,0.7919947077678312,0.20800529223216865,0
1123,0.9717477100706999,0.028252289929299866,0
1124,0.9812949458034721,0.018705054196527886,0
1125,0.25883742092031753,0.7411625790796825,1
1126,0.4581252311502421,0.5418747688497578,1
1127,0.9704008838383839,0.029599116161616163,0
1128,0.774695375211474,0.22530462478852553,0
1129,0.9990107526881721,0.000989247311827957,0
1130,0.8529182933079988,0.1470817066920008,0
1131,0.5942968287241289,0.4057031712758712,0
1132,0.7036300181039121,0.29636998189608765,0
1133,0.6310404799637973,0.3689595200362025,0
1134,0.9984856214890617,0.001514378510938326,0
1135,0.9742783620482549,0.025721637951744838,0
1136,0.9817900992260923,0.018209900773907623,0
1137,0.1710710037693161,0.8289289962306838,1
1138,0.9562075639445682,0.04379243605543191,0
1139,0.8836242881303684,0.11637571186963136,0
1140,0.6051346095018879,0.394865390498112,0
1141,0.3395988473035668,0.6604011526964332,1
1142,0.7420900346144496,0.25790996538555033,0
1143,0.9102682135415363,0.08973178645846318,0
1144,0.9087331002330998,0.09126689976689976,0
1145,0.22049123527045153,0.7795087647295484,1
1146,0.9169828170051909,0.08301718299480916,0
1147,0.7693638479760138,0.230636152023986,0
1148,1.0,0.0,0
1149,0.8884709186233607,0.11152908137663939,0
1150,0.9842452874992889,0.015754712500711227,0
1151,0.4402583276820091,0.559741672317991,1
1152,0.5980348261810908,0.4019651738189093,0
1153,0.7747603837809788,0.22523961621902117,0
1154,0.9869759684759682,0.013024031524031523,0
1155,0.18703427358970576,0.812965726410294,1
1156,0.7207766293942095,0.2792233706057903,0
1157,0.2219561973195205,0.7780438026804793,1
1158,0.25968415375468185,0.7403158462453177,1
1159,0.8601817471071574,0.1398182528928423,0
1160,0.9239137396457359,0.07608626035426411,0
1161,0.1932573867239278,0.8067426132760721,1
1162,0.9774086634507114,0.022591336549288486,0
1163,0.9857457729468598,0.014254227053140096,0
1164,0.7418233059859307,0.25817669401406923,0
1165,0.46722572794392164,0.5327742720560784,1
1166,0.8190134013733082,0.18098659862669148,0
1167,0.6824783923698302,0.31752160763016923,0
1168,0.9877534440585305,0.012246555941469152,0
1169,0.661961871732962,0.3380381282670379,0
1170,0.9110719269120972,0.08892807308790282,0
1171,0.5879243951124142,0.41207560488758577,0
1172,0.6309602471703509,0.36903975282964885,0
1173,0.9844520202020202,0.015547979797979799,0
1174,0.8676682709399358,0.13233172906006388,0
1175,0.28694164948694334,0.7130583505130569,1
1176,0.8576231925623868,0.14237680743761305,0
1177,0.916091361910471,0.0839086380895287,0
1178,0.6392145959788575,0.36078540402114256,0
1179,0.23877980825498352,0.7612201917450165,1
1180,0.9503654498623468,0.04963455013765313,0
1181,0.9983333333333334,0.0016666666666666666,0
1182,0.5834140857514369,0.41658591424856306,0
1183,0.9947098093163668,0.005290190683633306,0
1184,0.9100157790658544,0.0899842209341457,0
1185,0.9802982295482296,0.01970177045177045,0
1186,0.8835414738168603,0.11645852618313918,0
1187,0.9855871771481703,0.0144128228518297,0
1188,0.8066092378480174,0.19339076215198236,0
1189,0.992811907869805,0.007188092130194954,0
1190,0.9810950636192259,0.018904936380773812,0
1191,0.4221857142672997,0.5778142857327002,1
1192,0.48590784159697364,0.5140921584030264,1
1193,0.9504547368289487,0.049545263171051124,0
1194,0.23507499060721887,0.7649250093927806,1
1195,0.6133176532645515,0.38668234673544843,0
1196,0.9663242276601904,0.0336757723398092,0
1197,0.7511746228472902,0.2488253771527098,0
1198,0.8619756946136786,0.138024305386321,0
1199,0.7187453869854005,0.2812546130145994,0
1200,0.3994517938019452,0.6005482061980547,1
1201,0.978930707953858,0.021069292046141844,0
1202,0.8223898677356786,0.17761013226432104,0
1203,0.9492626211664947,0.05073737883350508,0
1204,0.7187453869854005,0.2812546130145994,0
1205,0.24292809225947412,0.7570719077405257,1
1206,0.27032866766542285,0.729671332334577,1
1207,0.6677385143823455,0.3322614856176541,0
1208,0.9996774193548387,0.0003225806451612903,0
1209,0.9532674021903417,0.04673259780965819,0
1210,0.4541493609807636,0.5458506390192364,1
1211,0.8522988532143277,0.14770114678567228,0
1212,0.5664552875095086,0.4335447124904914,0
1213,0.599086626768662,0.400913373231338,0
1214,0.7537197190926475,0.2462802809073521,0
1215,0.569021829957281,0.43097817004271893,0
1216,0.41764024002437117,0.5823597599756287,1
1217,0.3310568342913072,0.6689431657086929,1
1218,0.8198114087952715,0.18018859120472824,0
1219,0.9847045174776676,0.01529548252233232,0
1220,0.7694842045746104,0.23051579542538955,0
1221,0.7202497083839866,0.2797502916160132,0
1222,0.8579936625558935,0.14200633744410643,0
1223,0.4100844899027136,0.5899155100972865,1
1224,0.623826915827036,0.3761730841729639,0
1225,0.7524489414042381,0.24755105859576165,0
1226,0.31091402421254843,0.6890859757874509,1
1227,0.9362831137730514,0.06371688622694814,0
1228,0.9421240447858199,0.05787595521417992,0
1229,0.7796143353946422,0.2203856646053576,0
1230,0.8596290146642187,0.14037098533578118,0
1231,0.9349844877774445,0.06501551222255555,0
1232,0.9996188519913273,0.00038114800867282894,0
1233,0.9956821106821105,0.004317889317889317,0
1234,0.6191520946238331,0.3808479053761669,0
1235,0.39634252337985276,0.6036574766201473,1
1236,1.0,0.0,0
1237,0.41165359977134597,0.5883464002286541,1
1238,0.7714897806675468,0.22851021933245305,0
1239,0.9126046191321626,0.08739538086783742,0
1240,0.34472061695464723,0.6552793830453525,1
1241,0.8088406681760435,0.1911593318239569,0
1242,0.3622635404063421,0.6377364595936578,1
1243,0.8634161682046363,0.13658383179536324,0
1244,0.8005450652111458,0.1994549347888542,0
1245,0.6193668864464666,0.38063311355353313,0
1246,0.5333685746429218,0.46663142535707836,0
1247,0.5398797643335987,0.46012023566640115,0
1248,0.21670558528621536,0.7832944147137844,1
1249,0.4565379005650946,0.5434620994349055,1
1250,0.3879416003876973,0.6120583996123028,1
1251,0.6772180835487154,0.32278191645128457,0
1252,0.9430956656391277,0.05690433436087211,0
1253,0.27311090267861354,0.7268890973213865,1
1254,0.2917736603164477,0.7082263396835521,1
1255,0.8441808669392031,0.15581913306079678,0
1256,0.4153063467183392,0.5846936532816607,1
1257,0.9333187913608579,0.06668120863914206,0
1258,0.8898376699454704,0.11016233005452918,0
1259,0.7085362355434645,0.2914637644565357,0
1260,0.5371816970012658,0.4628183029987342,0
1261,0.9004306420834562,0.09956935791654357,0
1262,0.8196357323608132,0.1803642676391868,0
1263,0.5890535156948187,0.4109464843051813,0
1264,0.8526594512968181,0.14734054870318128,0
1265,0.3574056936887826,0.6425943063112172,1
1266,0.9912095959595959,0.00879040404040404,0
1267,0.9346055655954699,0.06539443440452997,0
1268,0.6494071433106359,0.35059285668936396,0
1269,0.9604384066226171,0.039561593377382846,0
1270,0.9663173608268465,0.03368263917315342,0
1271,0.64142679668807,0.3585732033119297,0
1272,0.9815689905395695,0.018431009460430567,0
1273,0.9436745326695857,0.056325467330414165,0
1274,0.9940896358543416,0.005910364145658264,0
1275,0.8366203623101504,0.1633796376898491,0
1276,0.9713570623160791,0.028642937683920754,0
1277,0.4524782816604363,0.5475217183395636,1
1278,0.7255793033723336,0.2744206966276663,0
1279,0.5656789457275901,0.43432105427240975,0
1280,0.9907552075611563,0.009244792438843588,0
1281,0.8160197666468606,0.183980233353139,0
1282,0.9951514667817084,0.004848533218291631,0
1283,0.8796632716784422,0.12033672832155799,0
1284,0.8543855568031957,0.1456144431968041,0
1285,0.9910054713401603,0.008994528659839778,0
1286,0.9989036772955228,0.0010963227044772108,0
1287,0.7249029327670299,0.27509706723296984,0
1288,0.9790741177037617,0.02092588229623833,0
1289,0.266054783125627,0.7339452168743725,1
1290,0.9060085515619573,0.09399144843804284,0
1291,0.9992949471210341,0.0007050528789659225,0
1292,0.4268256508265903,0.5731743491734099,1
1293,0.9972261791327101,0.00277382086728996,0
1294,0.9944927323234523,0.005507267676547659,0
1295,0.578355911860043,0.4216440881399569,0
1296,0.8270831098440854,0.17291689015591452,0
1297,0.5452175339753301,0.4547824660246699,0
1298,0.8403044725381682,0.15969552746183183,0
1299,0.9124026590884178,0.08759734091158236,0
1300,0.889517172705874,0.11048282729412573,0
1301,0.25996203929647793,0.7400379607035219,1
1302,0.9084709780008298,0.09152902199917007,0
1303,0.7839336567232887,0.2160663432767112,0
1304,0.9919013387641141,0.00809866123588601,0
1305,0.9947726765987636,0.005227323401236444,0
1306,0.44273430672440583,0.557265693275594,1
1307,0.6849396001894031,0.3150603998105966,0
1308,0.966957589482407,0.03304241051759288,0
1309,0.43172780617470835,0.5682721938252917,1
1310,0.1705064853750352,0.8294935146249648,1
1311,0.38594739738841255,0.6140526026115875,1
1312,0.6154975191389337,0.38450248086106603,0
1313,0.9857832491179379,0.014216750882062,0
1314,0.39090260244109637,0.6090973975589037,1
1315,0.934482415032881,0.06551758496711878,0
1316,0.7702849660358174,0.22971503396418247,0
1317,0.9620791930778774,0.03792080692212272,0
1318,0.6493176344666296,0.35068236553337057,0
1319,0.234189713803037,0.7658102861969628,1
1320,0.8311791337683324,0.16882086623166737,0
1321,0.26116219414304503,0.7388378058569549,1
1322,0.32360984210587107,0.6763901578941289,1
1323,0.976846082265241,0.023153917734758955,0
1324,0.986062447356565,0.013937552643434997,0
1325,0.18160096386105817,0.8183990361389415,1
1326,0.919431291575641,0.08056870842435858,0
1327,0.20130669593398132,0.7986933040660185,1
1328,0.9668536235006823,0.033146376499317676,0
1329,0.9611778863813005,0.03882211361869927,0
1330,0.730430123753218,0.26956987624678175,0
1331,0.9960697193275024,0.003930280672497416,0
1332,0.6506029645355281,0.34939703546447176,0
1333,0.8148297452659512,0.18517025473404863,0
1334,0.9705674212199744,0.02943257878002551,0
1335,0.7036267641204904,0.2963732358795092,0
1336,0.2969872466983345,0.703012753301665,1
1337,0.7249991427174798,0.27500085728252005,0
1338,0.9825589053774126,0.01744109462258711,0
1339,0.990184305427588,0.009815694572412166,0
1340,0.6469733275221095,0.35302667247789066,0
1341,0.9868456818688319,0.013154318131167925,0
1342,0.7971583669818963,0.20284163301810357,0
1343,0.34276047444515034,0.6572395255548495,1
1344,0.5740850523646643,0.42591494763533566,0
1345,0.9461195748288754,0.053880425171124575,0
1346,0.9640519000336093,0.035948099966390444,0
1347,0.885856699539204,0.11414330046079574,0
1348,0.6905370311003487,0.3094629688996509,0
1349,0.7181679836250389,0.28183201637496086,0
1350,0.9556588961465963,0.04434110385340362,0
1351,0.658399099762156,0.3416009002378439,0
1352,0.555228296293728,0.44477170370627206,0
1353,0.9941624364262159,0.005837563573784047,0
1354,0.7537755951579718,0.24622440484202826,0
1355,0.9814260041034234,0.01857399589657654,0
1356,0.552994114818504,0.44700588518149603,0
1357,0.8589800077373604,0.14101999226263928,0
1358,0.992752715121136,0.007247284878863825,0
1359,0.5018327256551884,0.49816727434481156,0
1360,0.12037875024856412,0.8796212497514356,1
1361,0.980270614288991,0.019729385711008924,0
1362,0.4700934615357595,0.5299065384642405,1
1363,0.22049123527045153,0.7795087647295484,1
1364,0.9996774193548387,0.0003225806451612903,0
1365,0.6837235251002598,0.3162764748997402,0
1366,0.8556993367261124,0.14430066327388713,0
1367,0.44592515679921507,0.554074843200785,1
1368,0.8122882293567153,0.18771177064328445,0
1369,0.6505673314169368,0.34943266858306316,0
1370,0.9624826029859865,0.03751739701401355,0
1371,0.8349173193454392,0.16508268065456055,0
1372,0.8264181660065149,0.17358183399348445,0
1373,0.38286287990977813,0.6171371200902219,1
1374,0.978922458491731,0.021077541508269064,0
1375,0.3977629628352817,0.6022370371647184,1
1376,0.7508100135673039,0.24918998643269596,0
1377,0.9556129081084106,0.0443870918915893,0
1378,0.41451537295921065,0.5854846270407892,1
1379,0.964370391874429,0.03562960812557097,0
1380,0.2579874273697048,0.7420125726302949,1
1381,0.810231326404933,0.1897686735950667,0
1382,0.34658274044635456,0.653417259553645,1
1383,0.36622374940859737,0.6337762505914027,1
1384,0.4966518209680416,0.5033481790319584,1
1385,0.9815103467155315,0.01848965328446844,0
1386,0.9716633815594268,0.028336618440572846,0
1387,0.7464053273938994,0.2535946726061003,0
1388,0.9649650541333165,0.03503494586668335,0
1389,0.9284223464397061,0.07157765356029407,0
1390,0.42645265841445046,0.5735473415855495,1
1391,0.7726047407054437,0.22739525929455598,0
1392,0.9713922448476384,0.028607755152361584,0
1393,0.938728230478919,0.06127176952108093,0
1394,0.7356323478856973,0.26436765211430285,0
1395,0.7227767310145324,0.2772232689854677,0
1396,0.6096482800446961,0.39035171995530393,0
1397,0.7694797969296168,0.23052020307038315,0
1398,0.9381769323316638,0.06182306766833622,0
1399,0.6049354627192698,0.3950645372807303,0
1400,0.9862226107226106,0.013777389277389277,0
1401,0.3383095898825059,0.6616904101174942,1
1402,0.9259087078452142,0.07409129215478588,0
1403,0.8908763706620603,0.10912362933793984,0
1404,0.635298499610369,0.36470150038963084,0
1405,0.15086085118880327,0.8491391488111963,1
1406,0.9722453172621935,0.0277546827378063,0
1407,0.9219439807847734,0.07805601921522637,0
1408,0.639055318625448,0.36094468137455193,0
